Attribute,Rulex,SHAP,LIME,Rulex_rank,SHAP_rank,LIME_rank
0,0.0,0.0,0.0,1,1,1
1,0.0008275134,0.1232044361,0.0,2,2,1
11,0.0028866766,0.6272459063,0.0764738031,3,8,7
12,0.0046865791,0.4090688997,0.0500795733,4,6,6
16,0.0063565183,0.4101396054,0.0209558824,5,7,2
17,0.0011924889,0.3038703934,0.0328962676,2,5,3
18,0.0,0.1319684431,0.0344108876,1,3,4
2,0.0065214328,2.0645667213,0.26866767,6,10,9
8,0.005221947,0.7060424656,0.0965659349,4,9,8
9,0.0014079599,0.290875048,0.0393429874,2,4,5
