Dataset,Spearman (Rulex-SHAP),Spearman (Rulex-LIME),Spearman (SHAP-LIME),Jaccard (Rulex-SHAP),Jaccard (Rulex-LIME),Jaccard (SHAP-LIME)
Diabetes1999-2008.csv,0.5941757746681294,0.2484571695970998,0.22986551001880323,0.1111111111111111,0.1111111111111111,0.42857142857142855
Diabetic_Retinopathy_Debrecen.csv,0.9057792600832962,0.6554878048780489,0.8389096502784891,1.0,0.6666666666666666,0.6666666666666666
Hepatit_C_Virus.csv,0.4415188693812048,0.17365177289469977,0.5079365079365078,0.1111111111111111,0.1111111111111111,0.42857142857142855
Obesity_level.csv,0.8448846873624435,0.1847509994104576,0.1559917355371901,0.6666666666666666,0.25,0.25
TOTAL AVERAGE,0.6965896478737685,0.31558693669507654,0.4331758509427476,0.4722222222222222,0.2847222222222222,0.44345238095238093
