Attribute,Rulex,SHAP,LIME,Ablation,Cum_Ablation,Curr_Pred,Org_Pred
mitosis,0.0,0.0085226827,0.0469178474,0.0058171429,0.0061009524,0.3430704762,0.3427142857
single,0.0,0.0605735402,0.0712614817,0.0273895238,0.030052381,0.3410257143,0.3427142857
adhesion,0.0,0.0441504445,0.0709382132,0.0327961905,0.0382952381,0.3523904762,0.3427142857
nucleoli,0.0331206878,0.0493005282,0.0984992525,0.0327057143,0.0392580952,0.3607219048,0.3427142857
chromatin,0.0053426857,0.0668712734,0.0834596923,0.0362266667,0.0639685714,0.3432238095,0.3427142857
nuclei,0.2994782811,0.1062506092,0.18533925,0.0792038095,0.0914657143,0.3436247619,0.3427142857
thickness,0.1342776941,0.0606069552,0.1246289532,0.0592428571,0.1038952381,0.336372381,0.3427142857
size,0.2339494974,0.1324054544,0.1716147459,0.0962495238,0.1087190476,0.343452381,0.3427142857
