Attribute,Rulex,SHAP,LIME,Ablation,Cum_Ablation,Curr_Pred,Org_Pred
mitosis,0.0116342993,0.0057030328,0.031639934,0.0048895238,0.0049457143,0.3417380952,0.340952381
single,0.006495001,0.0381319105,0.0519850757,0.0147895238,0.0149685714,0.3414990476,0.340952381
nucleoli,0.0450909734,0.0370693037,0.0676053518,0.02506,0.0242257143,0.3516180952,0.340952381
adhesion,0.0,0.0278353609,0.0574535126,0.0280457143,0.0302209524,0.34514,0.340952381
chromatin,0.0041134257,0.0495025368,0.0622836175,0.030032381,0.0498990476,0.3238790476,0.340952381
shape,0.0189683497,0.0896444061,0.1021825014,0.0593504762,0.0841314286,0.3091380952,0.340952381
size,0.1249747532,0.135390939,0.1359343019,0.0764933333,0.0857180952,0.3361485714,0.340952381
thickness,0.0,0.0466223338,0.1077689557,0.0570885714,0.0900895238,0.3239304762,0.340952381
nuclei,0.3605137961,0.0960681967,0.1766651003,0.0752961905,0.100052381,0.3409009524,0.340952381
