Attribute,Rulex,SHAP,LIME,Ablation,Cum_Ablation,Curr_Pred,Org_Pred
mitosis,0.0,0.0085226827,0.0469178474,0.0060314286,0.0058809524,0.3428504762,0.3427142857
adhesion,0.0,0.0441504445,0.0709382132,0.0328419048,0.029387619,0.3341866667,0.3427142857
single,0.0,0.0605735402,0.0712614817,0.02696,0.030927619,0.3403933333,0.3427142857
nucleoli,0.0229116641,0.0493005282,0.0984992525,0.0329266667,0.0426904762,0.3535571429,0.3427142857
chromatin,0.0037866111,0.0668712734,0.0834596923,0.03766,0.073332381,0.3468342857,0.3427142857
nuclei,0.3352454563,0.1062506092,0.18533925,0.0773152381,0.0927809524,0.343332381,0.3427142857
thickness,0.0895937334,0.0606069552,0.1246289532,0.0587866667,0.1030180952,0.3275019048,0.3427142857
size,0.1700268886,0.1324054544,0.1716147459,0.094747619,0.1158933333,0.3379666667,0.3427142857
