Dataset,Spearman (Rulex-SHAP),Spearman (Rulex-LIME),Spearman (SHAP-LIME),Jaccard (Rulex-SHAP),Jaccard (Rulex-LIME),Jaccard (SHAP-LIME)
Diabetes1999-2008.csv,0.6305964950748242,0.1460075249656334,0.3830969565086023,0.25,0.25,0.25
Hepatit_C_Virus.csv,0.5699305634393331,0.5325124418027843,0.8797313797313797,0.1111111111111111,0.1111111111111111,0.42857142857142855
Obesity_level.csv,0.7782526406891663,-0.23805173130347268,-0.26590823540167785,0.42857142857142855,0.25,0.1111111111111111
TOTAL AVERAGE,0.6595932330677745,0.1468227451549817,0.3323067002794347,0.2632275132275132,0.20370370370370372,0.26322751322751325
