Dataset,Spearman (Rulex-SHAP),Spearman (Rulex-LIME),Spearman (SHAP-LIME),Jaccard (Rulex-SHAP),Jaccard (Rulex-LIME),Jaccard (SHAP-LIME)
Diabetes1999-2008.csv,0.6305964950748242,0.1460075249656334,0.3830969565086023,0.25,0.25,0.25
Diabetic_Retinopathy_Debrecen.csv,0.5765687259745489,0.48244073748902544,0.8056165760192326,0.6666666666666666,0.6666666666666666,1.0
Hepatit_C_Virus.csv,0.5699305634393331,0.5325124418027843,0.8797313797313797,0.1111111111111111,0.1111111111111111,0.42857142857142855
Obesity_level.csv,0.7782526406891663,-0.23805173130347268,-0.26590823540167785,0.42857142857142855,0.25,0.1111111111111111
TOTAL AVERAGE,0.6388371062944681,0.23072724323849264,0.45063416921438426,0.36408730158730157,0.3194444444444444,0.44742063492063494
